	{

		"metadata": {
			"formatVersion" : 3.1,
			"generatedBy"   : "Blender 2.7 Exporter",
			"vertices"      : 13,
			"faces"         : 14,
			"normals"       : 13,
			"colors"        : 0,
			"uvs"           : [40],
			"materials"     : 1,
			"morphTargets"  : 0,
			"bones"         : 0
		},

			"scale" : 1.000000,
			
			"vertices" : [-0.375971,2.52554,0.380624,-0.375971,2.52554,-0.369376,0.374029,2.52554,-0.369376,0.374029,2.52554,0.380624,-0.751559,3.52554,0.755624,-0.751559,3.52554,-0.744376,0.748441,3.52554,-0.744376,0.748441,3.52554,0.755624,-0.750971,3.71361,0.755624,-0.750971,3.71361,-0.744376,0.749029,3.71361,-0.744376,0.749029,3.71361,0.755624,-0.000971077,7.22284,0.00562404],
			"faces"    : [43,1,0,4,5,0,0,1,2,3,0,1,2,3,43,5,6,2,1,0,4,5,6,7,3,4,5,0,43,6,7,3,2,0,2,8,9,10,4,6,7,5,43,0,3,7,4,0,11,12,4,13,1,7,6,2,43,0,1,2,3,0,14,15,16,17,1,0,5,7,43,7,6,5,4,0,18,19,20,21,6,4,3,2,42,12,10,9,0,22,23,24,8,9,10,42,10,12,11,0,25,26,27,9,8,11,42,11,12,8,0,28,29,30,11,8,12,42,8,12,9,0,25,31,32,12,8,10,43,9,5,4,8,0,25,33,34,27,10,3,2,12,43,7,11,8,4,0,4,35,36,13,6,11,12,2,43,6,10,11,7,0,2,37,38,8,4,9,11,6,43,5,9,10,6,0,4,35,39,5,3,10,9,4],
			"uvs"      : [[1.74719,-0.081264,1.24719,-0.081264,0.997188,0.918736,1.99719,0.918736,0.999122,0.918736,1.99912,0.918736,1.74951,-0.081264,1.24951,-0.081264,-0.002812,0.918736,0.247188,-0.081264,0.747188,-0.081264,0.249514,-0.081264,0.749514,-0.081264,-0.000878,0.918736,0.249514,0.247188,0.249514,0.747188,0.749514,0.747188,0.749514,0.247188,0.999122,0.997188,0.999122,1.99719,-0.000878,1.99719,-0.000878,0.997188,0.499514,0.616035,0.999514,-2.89319,-0.000486,-2.89319,0.997188,0.106805,0.497188,3.61604,-0.002812,0.106805,0.999514,0.106805,0.499514,3.61604,-0.000486,0.106805,1.49719,3.61604,1.99719,0.106805,0.997188,-0.081264,-0.002812,-0.081264,0.999514,1.10681,-0.000486,1.10681,0.997188,1.10681,-0.002812,1.10681,1.99951,1.10681]],
			"normals"  : [-0.463332,-0.755242,-0.463546,-0.463332,-0.755242,0.463546,-0.695822,0.181097,0.694968,-0.695822,0.181097,-0.694968,0.695273,0.178655,-0.696158,0.463729,-0.754997,-0.463515,0.695273,0.178655,0.696158,0.463729,-0.754997,0.463515,0,1,0,0.700858,0.136418,-0.700095,-0.699881,0.138585,-0.700644,0.700858,0.136418,0.700095,-0.699881,0.138585,0.700644],
			
			"skinIndices"  : [],
			"skinWeights"  : [],
			"morphTargets" : [],
			
			"bones"      : [],
			"animations" : [],
			
			"colors"    : [],
			"materials" : [
				{
					"DbgColor": 15658734,
					"DbgIndex": 0,
					"DbgName": "Laser",
					"blending": "NormalBlending",
					"colorAmbient": [0.6400000190734865, 0.6400000190734865, 0.6400000190734865],
					"colorDiffuse": [0.6400000190734865, 0.6400000190734865, 0.6400000190734865],
					"colorEmissive": [0.0, 0.0, 0.0],
					"colorSpecular": [0.5, 0.5, 0.5],
					"depthTest": true,
					"depthWrite": true,
					"mapDiffuse": "laser.png",
					"mapDiffuseWrap": ["repeat", "repeat"],
					"shading": "Lambert",
					"specularCoef": 50,
					"transparency": 1.0,
					"transparent": false,
					"vertexColors": false
				}
			]


	}
